title,rate,people,author
万物生光辉,9.4,(956人评价),作者:[英]吉米·哈利
我亲爱的甜橙树,9.1,(3600人评价),作者:(巴西)若泽•毛罗•德瓦斯康塞洛斯
教父,9.1,(8343人评价),作者:(美)马里奥·普佐
故事,9.3,(3610人评价),作者:罗伯特·麦基
树上的男爵,9.1,(10849人评价),作者:(意)卡尔维诺
罗马人的故事2,9.2,(2101人评价),作者:盐野七生
神秘岛（全三册）,9.2,(2524人评价),作者:(法)儒勒·凡尔纳
罗杰・艾克罗伊德谋杀案,9.0,(1555人评价),作者:阿加莎・克里斯蒂
呼兰河传,9.0,(1649人评价),作者:萧红
孽子,9.0,(5971人评价),作者:白先勇
木心作品八种,9.3,(1832人评价),作者:木心
灵魂的事,9.0,(2727人评价),作者:史铁生
万物既聪慧又奇妙,9.2,(2650人评价),作者:[英]吉米·哈利
局外人,9.0,(32006人评价),作者:[法]阿尔贝·加缪
荒原狼,9.0,(2981人评价),作者:(德)黑塞
所罗门王的指环,9.2,(1390人评价),作者:(奥)劳伦兹
故道白云,9.1,(1252人评价),作者:一行禅师
中国哲学简史,9.2,(1947人评价),作者:冯友兰
经济学,9.3,(1153人评价),作者:（美）保罗·萨缪尔森
史努比黄金50年,9.2,(1676人评价),作者:[美]查尔斯·舒尔茨
365夜,9.3,(4631人评价),作者:鲁兵主编
世说新语,9.1,(1267人评价),作者:刘义庆
银河帝国3：第二基地,9.2,(3935人评价),作者:[美]艾萨克·阿西莫夫
C专家编程,9.2,(1784人评价),作者:PeterVanDerLinden
TCP/IP详解卷1：协议,9.2,(1875人评价),作者:W.RichardStevens
基地前传2·迈向基地（上下）,9.0,(2511人评价),作者:（美）艾萨克·阿西莫夫
天真的人类学家,9.0,(1536人评价),作者:[英]奈杰尔·巴利
温柔的夜,9.1,(8277人评价),作者:三毛
柏拉图的《会饮》,9.2,(1193人评价),作者:柏拉图
陶庵梦忆西湖梦寻,9.2,(2614人评价),作者:[明]张岱
热爱生命,9.0,(2424人评价),作者:(美)杰克·伦敦著
飘,9.4,(3673人评价),作者:玛格丽特.米切尔
额尔古纳河右岸,9.0,(7161人评价),作者:迟子建
绿山墙的安妮,9.0,(4202人评价),作者:[加]露西·莫德·蒙哥玛利
深入理解计算机系统（原书第2版）,9.7,(1962人评价),作者:（美）RandalE.Bryant/DavidO'Hallaron
陶渊明集,9.4,(1264人评价),作者:逯钦立校注
金刚经,9.5,(3314人评价),作者:(后秦)鸠摩罗什
小径分岔的花园,9.1,(4043人评价),作者:[阿根廷]博尔赫斯
梦里花落知多少,9.1,(8369人评价),作者:三毛
荷西我爱你,9.2,(2317人评价),作者:三毛
尼各马可伦理学,9.1,(1412人评价),作者:[古希腊]亚里士多德(Aristotle)
深度探索C++对象模型,9.1,(1363人评价),作者:[美]StanleyB.Lippman
玻璃球游戏,9.0,(1947人评价),作者:[德]赫尔曼·黑塞
浪漫主义的根源,9.2,(1458人评价),作者:[英]以塞亚·伯林
吉祥纹莲花楼终篇之青龙·白虎,9.1,(2170人评价),作者:藤萍
中国少年儿童百科全书,9.1,(1884人评价),作者:ZhejiangEducationPublishingHouse
中国少年儿童百科全书--自然.环境,9.2,(4297人评价),作者:王德胜
枪炮、病菌与钢铁,8.9,(2004人评价),作者:(美)贾雷德・戴蒙德
小兔彼得和他的朋友们（全3册）,9.0,(1240人评价),作者:【英】毕翠克丝•波特
鼠族（一、二部）,9.2,(1514人评价),作者:[美]阿特·斯皮格曼
原动画基础教程,9.6,(1453人评价),作者:理查德·威廉姆斯
中国史纲,9.1,(1284人评价),作者:张荫麟
美国讲稿,9.0,(1118人评价),作者:[意大利]伊塔洛·卡尔维诺
精灵宝钻,9.2,(1226人评价),作者:(英)J.R.R.托尔金著/克里斯托弗·托尔金编
第二性Ⅱ,9.2,(1696人评价),作者:[法]西蒙娜·德·波伏瓦
隔江山色,9.0,(1227人评价),作者:[美]高居翰
大江东去（共三部）,9.1,(2939人评价),作者:阿耐
半生缘,9.1,(2901人评价),作者:张爱玲
夜莺与玫瑰,9.2,(1197人评价),作者:王尔德
金锁记,9.0,(1692人评价),作者:张爱玲
勒·柯布西耶全集,9.3,(1196人评价),作者:（法）勒·柯布西耶/（瑞士）W·博奥席耶等
1453,9.0,(2799人评价),作者:[英]罗杰·克劳利
悲惨世界（全三册）,9.3,(2555人评价),作者:[法]雨果
编码,9.2,(1891人评价),作者:[美]CharlesPetzold
古文观止,9.2,(1183人评价),作者:吴楚材/吴调候
说文解字,9.2,(1475人评价),作者:[汉]许慎撰/[宋]徐铉杨校定
冰与火之歌·卷三·冰雨的风暴（全三册）,9.6,(3910人评价),作者:[美]乔治·R.R.马丁
亲密关系（第5版）,9.0,(3084人评价),作者:罗兰•米勒(RowlandMiller)/丹尼尔•珀尔曼(DanielPerlman)
五月天之素人自拍,9.6,(2018人评价),作者:五月天
对伪心理学说不,9.2,(2638人评价),作者:基思•斯坦诺维奇
我要做好孩子,9.0,(1194人评价),作者:黄蓓佳
北方的空地,9.2,(1472人评价),作者:杨柳松
古拉格：一部历史,9.2,(1471人评价),作者:(美)安妮·阿普尔鲍姆
地下室手记,9.1,(1803人评价),作者:[俄]陀思妥耶夫斯基
皮皮鲁和鲁西西全传,9.2,(1717人评价),作者:郑渊洁
失明症漫记,9.1,(3383人评价),作者:(葡)若泽·萨拉马戈
来自新世界（上下）,9.1,(3675人评价),作者:[日]贵志祐介
永恒的终结,9.0,(12452人评价),作者:[美]艾萨克·阿西莫夫
听音乐（插图第6版）,9.1,(1217人评价),作者:罗杰·凯密恩（RogerKamien）
人类的群星闪耀时（增订版）,9.0,(5444人评价),作者:[奥]斯蒂芬·茨威格
美的历程,9.2,(6680人评价),作者:李泽厚
众病之王,9.1,(3733人评价),作者:[美]悉达多·穆克吉
人类简史,9.1,(41999人评价),作者:[以色列]尤瓦尔·赫拉利
最好的告别,9.0,(11052人评价),作者:[美]阿图·葛文德（AtulGawande）
强风吹拂,9.0,(3086人评价),作者:(日)三浦紫苑
火星救援,8.9,(8919人评价),作者:[美]安迪·威尔
文明之光（第一册）,9.0,(2712人评价),作者:吴军
四書章句集注,9.3,(1935人评价),作者:朱熹
大盗贼,9.2,(1262人评价),作者:奥得弗雷德·普鲁士勒
霸王别姬,9.1,(7218人评价),作者:李碧华
重构,9.0,(1968人评价),作者:MartinFowler
易经,9.0,(1690人评价),出版社:吉林文史出版社
编程珠玑,9.1,(1827人评价),作者:JonBentley
宋词三百首,9.4,(2339人评价),作者:武玉成，顾丛龙注
战国策,9.1,(1352人评价),作者:宋韬
敏捷软件开发,9.0,(1240人评价),作者:RobertC.Martin
牡丹亭,9.0,(6080人评价),作者:汤显祖
宋词鉴赏辞典,9.4,(1619人评价),作者:夏承焘/等
长袜子皮皮,9.0,(5534人评价),作者:[瑞典]阿斯特丽德·林格伦
老子注译及评介,9.2,(1675人评价),作者:陈鼓应
中国古典园林分析,9.1,(1546人评价),作者:彭一刚
外部空间设计,9.0,(1476人评价),作者:芦原义信
四世同堂（上下）,9.0,(4271人评价),作者:老舍
莎士比亚全集（全8册）,9.4,(1451人评价),作者:[英]莎士比亚
津巴多普通心理学,9.3,(1419人评价),作者:[美]菲利普·津巴多/[美]罗伯特·约翰逊/[美]安·韦伯
HeadFirst设计模式（中文版）,9.2,(2448人评价),作者:弗里曼
天龙八部,9.1,(57175人评价),作者:金庸
古文观止,9.0,(10227人评价),作者:吴楚材/吴调侯
计算机程序的构造和解释,9.5,(1845人评价),作者:HaroldAbelson/GeraldJaySussman/JulieSussman
期货市场技术分析,9.1,(1805人评价),作者:[美]约翰.墨菲
聪明的投资者,9.0,(2684人评价),作者:本杰明·格雷厄姆/BenjaminGraham
穷查理宝典,9.0,(4780人评价),作者:[美]彼得·考夫曼(编)
冬牧场,9.0,(8621人评价),作者:李娟
蓝熊船长的13条半命,9.4,(1858人评价),作者:[德]瓦尔特·莫尔斯
万物既伟大又渺小,9.0,(4428人评价),作者:[英]吉米·哈利（JamesHerriot）
阿城精选集,9.1,(4057人评价),作者:阿城
金刚经心经坛经,9.2,(2271人评价),作者:陈秋平/尚荣
经济学,9.1,(1668人评价),作者:(美)保罗﹒萨缪尔森/（美）诺德豪斯
飞鸟集,9.1,(2097人评价),作者:泰戈尔
顾城的诗顾城的画,9.1,(4122人评价),作者:顾城
设计中的设计|全本,9.2,(6200人评价),作者:[日]原研哉
佛教的见地与修道,9.0,(2103人评价),作者:宗萨钦哲仁波切
上学记,9.0,(2274人评价),作者:何兆武（口述）/文靖
人生的智慧,9.3,(6777人评价),作者:[德]叔本华
金蔷薇,9.0,(2492人评价),作者:[俄]康·帕乌斯托夫斯基
张国荣的时光,9.0,(2308人评价),作者:志摩千岁
岁朝清供,9.2,(2985人评价),作者:汪曾祺
华夏意匠,9.2,(1957人评价),作者:李允鉌
万物刹那又永恒,9.1,(1723人评价),作者:[英]吉米·哈利
发现之旅,9.0,(3587人评价),作者:托尼•赖斯
論語譯註,9.0,(2272人评价),出版社:中华书局
中国文化要义,9.0,(2055人评价),作者:梁漱溟
野草,9.3,(4910人评价),作者:鲁迅
中国法律与中国社会,9.3,(1372人评价),作者:瞿同祖
庄子諵譁（上）,8.9,(2239人评价),作者:南怀瑾
古代汉语（第一册）,9.2,(2131人评价),作者:王力主编
返璞归真,9.2,(1742人评价),作者:C.S.路易斯
费马大定理,9.0,(1892人评价),作者:（英）西蒙・辛格
超越时空,9.0,(2915人评价),"作者:[美]加来道雄（Kaku,M）"
古詩源,9.3,(1527人评价),作者:[清]沈德潛
此生未完成,8.9,(11264人评价),作者:于娟
惶然录,9.0,(3026人评价),作者:[葡萄牙]费尔南多·佩索阿
蒋勋说红楼梦（第一辑）,9.0,(4547人评价),作者:蒋勋
大问题,9.0,(3264人评价),作者:[美]罗伯特·所罗门
阿莱夫,9.2,(1628人评价),作者:[阿根廷]豪·路·博尔赫斯
杀死一只反舌鸟,9.1,(3431人评价),作者:[美]哈珀·李
故事,9.3,(5038人评价),作者:[美]罗伯特·麦基
逻辑哲学论,9.1,(1680人评价),作者:[奥]维特根斯坦
纳尔齐斯与歌尔德蒙,9.2,(2571人评价),作者:[德]赫尔曼·黑塞
新千年文学备忘录,9.2,(1880人评价),作者:(意)伊塔洛·卡尔维诺
白鹿原,9.1,(5885人评价),作者:陈忠实
博尔赫斯全集,9.4,(1813人评价),作者:[阿根廷]豪·路·博尔赫斯
传奇(上下),9.1,(2651人评价),作者:张爱玲
人生的枷锁,9.0,(12293人评价),作者:[英]毛姆
神经外科的黑色喜剧,9.0,(1478人评价),作者:[美]法兰克·佛杜锡克著/吴程远译
采桑子,9.0,(2756人评价),作者:叶广芩
围城,9.0,(23285人评价),作者:钱钟书
写在人生边上写在人生边上的边上石语,9.0,(1992人评价),作者:钱钟书
人间是剧场,9.0,(2632人评价),作者:宗萨蒋扬钦哲仁波切
平如美棠,9.0,(10645人评价),作者:饶平如
悲惨世界（上下）,9.2,(2184人评价),作者:雨果
学术与政治,9.2,(1658人评价),作者:[德]马克斯·韦伯
心灵的焦灼,8.9,(2465人评价),作者:斯台芬·茨威格
论语新解,8.9,(1781人评价),作者:钱穆
虚构集,9.2,(2400人评价),作者:[阿根廷]豪·路·博尔赫斯
毛毛,9.1,(1238人评价),作者:米切尔・恩德
大明宫词,9.2,(2949人评价),作者:郑重/王要
联邦党人文集,9.0,(2018人评价),作者:汉密尔顿/杰伊/麦迪逊
锦灰堆,9.2,(1159人评价),作者:王世襄
来自民间的叛逆,9.3,(1249人评价),作者:袁越
上海生死劫,9.3,(369人评价),作者:郑念
古拉格群岛（上中下）,9.2,(1398人评价),作者:[俄]亚历山大·索尔仁尼琴
美国宪政历程,9.1,(4975人评价),作者:任东来/陈伟/白雪峰
洞穴奇案,9.1,(3388人评价),作者:[美]萨伯
哈尔罗杰历险记(全套共14册),9.8,(1519人评价),作者:WILLARDPRICE
深入理解计算机系统,9.5,(2530人评价),作者:RandalE.Bryant/DavidO'Hallaron
艺术的故事,9.5,(1928人评价),作者:[英]贡布里希(SirE.H.Gombrich)
冰与火之歌（卷三）,9.5,(10892人评价),作者:[美]乔治.R.R.马丁
牛津高阶英汉双解词典（第六版）,9.5,(1530人评价),作者:[英]A.S.Hornby原著/SallyWehmeier主编/MichaelAshby语音编辑
费恩曼物理学讲义（第1卷）,9.5,(1464人评价),作者:RichardP.Feynman/RobertB.Leighton/MatthewSands
滚蛋吧!肿瘤君,9.2,(13704人评价),作者:熊顿
红楼梦,9.6,(125345人评价),作者:[清]曹雪芹著/高鹗续
塔希里亚故事集,9.4,(3636人评价),作者:吴淼
百年孤独,9.2,(122164人评价),作者:[哥伦比亚]加西亚·马尔克斯
算法导论（原书第2版）,9.3,(4678人评价),作者:[美]ThomasH.Cormen/CharlesE.Leiserson/RonaldL.Rivest/CliffordStein
哥德尔、艾舍尔、巴赫,9.4,(4500人评价),作者:[美]侯世达
文学回忆录（全2册）,9.2,(18320人评价),作者:木心口述/陈丹青笔录
史记（全十册）,9.5,(12757人评价),作者:司马迁
道德经,9.5,(10538人评价),作者:老子
三体Ⅲ,9.2,(90643人评价),作者:刘慈欣
看见,8.8,(124094人评价),作者:柴静
冰与火之歌（卷二）,9.4,(12618人评价),作者:[美]乔治.R.R.马丁
鲁迅全集（2005最新修订版）,9.4,(3267人评价),作者:鲁迅
塔希里亚故事集Ⅱ,9.4,(1440人评价),作者:吴淼
浪潮之巅,9.1,(18215人评价),作者:吴军
诗经,9.4,(10897人评价),作者:孔丘编订
第二基地,9.3,(5860人评价),作者:[美]艾萨克·阿西莫夫
中国少年儿童百科全书（全四册）,9.4,(9216人评价),作者:林崇德主编
中國近代史（上冊）,9.4,(4126人评价),作者:[美]徐中約
唐诗三百首,9.3,(2613人评价),出版社:广西民族出版社
資治通鑑（全二十冊）,9.4,(3461人评价),作者:[宋]司馬光編著/[元]胡三省音注
基督山伯爵(上下),9.3,(2504人评价),作者:〔法〕大仲马著
风与树的歌,9.3,(2425人评价),作者:安房直子
寻找家园,9.3,(3918人评价),作者:高尔泰
冰与火之歌·卷四·群鸦的盛宴（全两册）,9.2,(8822人评价),作者:（美）乔治·R·R·马丁
我在伊朗长大,9.4,(4552人评价),作者:玛赞·莎塔碧
现代汉语词典（修订本）,9.3,(6395人评价),作者:中国社会科学院语言研究所词典编辑室编
庄子,9.4,(5088人评价),作者:孙通海译注
卡拉马佐夫兄弟,9.4,(7527人评价),作者:[俄]陀思妥耶夫斯基
C程序设计语言,9.4,(3872人评价),作者:（美）BrianW.Kernighan/（美）DennisM.Ritchie
卡尔维诺文集（第三卷）,9.3,(4087人评价),作者:[意大利]卡尔维诺
源泉,9.1,(5078人评价),作者:[美]安·兰德
冰与火之歌（卷一）,9.3,(23313人评价),作者:[美]乔治·R.R.马丁
我的团长我的团（下部）,9.4,(2543人评价),作者:兰晓龙
唐诗三百首,9.3,(9000人评价),作者:蘅塘退士/陈婉俊
南京浩劫,9.3,(1831人评价),作者:张纯如
王小波全集,9.4,(3947人评价),作者:王小波
猜猜我有多爱你,9.3,(9505人评价),作者:[英]山姆·麦克布雷尼文/安妮塔·婕朗图
基地,9.2,(10988人评价),作者:[美]艾萨克·阿西莫夫
银河英雄传说,9.3,(4841人评价),作者:[日]田中芳树
猫城小事,9.2,(1581人评价),作者:[日]莫莉蓟野
我在伊朗长大1,9.2,(2547人评价),作者:[伊朗]玛赞·莎塔碧
國史大綱（上下）,9.3,(9625人评价),作者:錢穆
乡土中国生育制度,9.3,(3468人评价),作者:费孝通
365夜故事（上下）,9.3,(8135人评价),作者:鲁兵主编/朱延龄插图
基地与帝国,9.2,(5945人评价),作者:[美]艾萨克·阿西莫夫
顾准文集,9.1,(2107人评价),作者:顾准
飘（全二册）,9.2,(8124人评价),作者:[美]米切尔
一九八四·动物农场,9.3,(24912人评价),作者:[英]乔治·奥威尔
飲水詞箋校,9.2,(1982人评价),作者:（清）纳兰性德/赵秀亭（笺校）/冯统一（笺校）
渴望生活,9.2,(7141人评价),作者:[美]欧文·斯通
随风而来的玛丽阿姨,9.3,(1549人评价),作者:（英）帕·林·特拉芙斯
霍乱时期的爱情,9.0,(65475人评价),作者:[哥伦比亚]加西亚·马尔克斯
月亮和六便士,9.2,(25305人评价),作者:[英]毛姆
从一到无穷大,9.1,(6278人评价),作者:[美]G.伽莫夫
论美国的民主,9.2,(4837人评价),作者:(法)托克维尔
旧制度与大革命,8.9,(5590人评价),作者:[法]托克维尔
全球通史(上),9.2,(10307人评价),作者:LeftenStavrosStavrianos
全球通史(下),9.2,(6956人评价),"作者:（美）斯塔夫里阿诺斯（Stavrianos,L.S.）"
上帝掷骰子吗,9.2,(13856人评价),作者:曹天元
给青年诗人的信,9.1,(2809人评价),作者:[奥]莱内·马利亚·里尔克
快乐王子,9.2,(6849人评价),作者:[英]王尔德
代码大全（第2版）,9.3,(3373人评价),作者:[美]史蒂夫·迈克康奈尔
C++Primer中文版（第4版）,9.2,(4137人评价),作者:StanleyB.Lippman/JoséeLaJoie/BarbaraE.Moo
三体Ⅱ,9.3,(91725人评价),作者:刘慈欣
爷爷变成了幽灵,9.3,(8230人评价),作者:[丹麦]金·弗珀兹·艾克松/文/[瑞典]爱娃·艾瑞克松/图
肖申克的救赎,9.1,(39162人评价),作者:[美]斯蒂芬·金
安徒生童话故事集,9.2,(35886人评价),作者:（丹麦）安徒生
平凡的世界（全三册）,9.2,(21676人评价),作者:路遥
撒哈拉的故事,9.2,(38959人评价),作者:三毛
飘,9.3,(79867人评价),作者:[美国]玛格丽特·米切尔
三国演义（全二册）,9.2,(55738人评价),作者:[明]罗贯中
王尔德童话,9.1,(11738人评价),作者:[英]王尔德
先知,9.1,(3278人评价),作者:卡里·纪伯伦
加缪文集,9.1,(1874人评价),作者:[法]阿尔贝·加缪
维特根斯坦传,9.1,(3670人评价),作者:[英]瑞·蒙克
新华字典（1998年修订本）,9.2,(6563人评价),作者:中国社会科学院语言研究所编
我的团长我的团（上部）,9.2,(3212人评价),作者:兰晓龙
社会性动物,9.1,(4718人评价),作者:ElliotAronson
公正,9.1,(4413人评价),作者:[美]迈克尔·桑德尔
设计模式,9.1,(2562人评价),作者:[美]ErichGamma/RichardHelm/RalphJohnson/JohnVlissides
人生的智慧,9.2,(2986人评价),作者:（德）叔本华
什么是数学,9.1,(3033人评价),作者:[美]R·柯朗H·罗宾著/I·斯图尔特修订
三国志（全五册）,9.3,(3575人评价),作者:[晋]陈寿撰/[宋]裴松之注
夹边沟记事,9.2,(14602人评价),作者:杨显惠
明朝那些事儿（1-9）,9.1,(37074人评价),作者:当年明月
昨日的世界,9.2,(6302人评价),作者:[奥］斯蒂芬・茨威格
唐诗鉴赏辞典,9.2,(3604人评价),作者:萧涤非/等
星空,9.0,(15241人评价),作者:幾米
博尔赫斯小说集,9.2,(7757人评价),作者:[阿根廷]博尔赫斯
江城,9.0,(23734人评价),作者:[美]彼得·海斯勒
海的女儿,9.1,(9338人评价),作者:安徒生
福尔摩斯探案全集（上中下）,9.2,(49120人评价),作者:[英]阿·柯南道尔
让爱点亮,9.0,(2673人评价),作者:慕容引刀
悉达多,9.0,(13078人评价),作者:[德]赫尔曼·黑塞
美国纽约摄影学院摄影教材（上）,9.1,(9187人评价),作者:美国纽约摄影学院
UNIX编程艺术,9.1,(2007人评价),作者:EricS.Raymond
追忆似水年华（上下册）,9.1,(2393人评价),作者:[法国]马塞尔·普鲁斯特
忧郁的热带,9.1,(2003人评价),作者:[法]列维-斯特劳斯
狂热分子,9.0,(6382人评价),作者:[美]埃里克·霍弗
中国历代政治得失,9.1,(23239人评价),作者:钱穆
营销管理,9.0,(1628人评价),作者:[美]菲利普·科特勒/[美]凯文·莱恩·凯勒
爱心树,9.1,(3132人评价),作者:谢尔・希尔弗斯坦
活着,9.1,(78536人评价),作者:余华
好妈妈胜过好老师,9.0,(6745人评价),作者:尹建莉
我在伊朗长大3,9.2,(1707人评价),作者:[伊朗]玛赞·莎塔碧
父与子全集,9.1,(16296人评价),作者:[德]埃·奥·卜劳恩绘
被爱路过,9.0,(5586人评价),作者:慕容引刀
子猫絮语,9.1,(2616人评价),作者:[日]莫莉蓟野
动物农场,9.2,(33157人评价),作者:[英]乔治·奥威尔
沉默的大多数,9.1,(42293人评价),作者:王小波
阿狸·梦之城堡,9.0,(23804人评价),作者:hans
活着,9.1,(138351人评价),作者:余华
小王子,9.0,(232436人评价),作者:[法]圣埃克苏佩里
白夜行,9.1,(200398人评价),作者:[日]东野圭吾
东方快车谋杀案,9.0,(39361人评价),作者:[英]阿加莎·克里斯蒂
傲慢与偏见,9.0,(25318人评价),作者:[英]奥斯丁
我的精神家园,9.1,(18443人评价),作者:王小波
历史深处的忧虑,9.0,(28178人评价),作者:林达
经济学原理（上下）,9.1,(11283人评价),作者:[美]曼昆
十万个为什么,9.1,(9114人评价),出版社:少年儿童出版社
象棋的故事,9.0,(5276人评价),作者:[奥]斯台芬·茨威格
沉默的大多数,9.0,(11155人评价),作者:王小波
嫌疑人X的献身,9.0,(38908人评价),作者:（日）东野圭吾
全本新注聊斋志异（全三册）,9.1,(2890人评价),作者:[清]蒲松龄著/朱其铠等校注
楚辞,9.1,(2531人评价),作者:屈原
2001太空漫游,9.1,(3901人评价),作者:[英]阿瑟·克拉克
你一生的故事,9.0,(6237人评价),作者:[美]特德·蒋
你看起来好像很好吃,9.1,(6590人评价),作者:宫西达也
三毛流浪记（全集）,9.1,(2422人评价),作者:张乐平
三毛从军记全集,9.0,(3931人评价),作者:张乐平
金色梦乡,9.0,(11861人评价),作者:[日]伊坂幸太郎
寻路中国,9.0,(30750人评价),作者:[美]彼得·海斯勒
规训与惩罚,9.1,(3397人评价),作者:[法]米歇尔·福柯
刀锋,9.0,(27384人评价),作者:[英]毛姆
父亲的战场,8.9,(1314人评价),作者:章东磐
海伯利安,9.0,(3877人评价),作者:[美]丹·西蒙斯
大师和玛格丽特,9.0,(2705人评价),作者:[俄]布尔加科夫
我也有一个梦想,9.0,(10963人评价),作者:林达
人间词话,9.0,(15702人评价),作者:王国维
圣经,9.0,(13245人评价),出版社:中国基督教协会
传统十论,9.1,(2040人评价),作者:秦晖
受戒,9.3,(1719人评价),作者:汪曾祺
巨人的陨落,8.9,(32688人评价),作者:[英]肯·福莱特
江村经济,9.0,(1272人评价),作者:费孝通
麒麟之与子同袍,9.4,(3337人评价),作者:桔子樹
快乐王子,9.1,(1224人评价),作者:(英)王尔德
羊道·深山夏牧场,9.1,(1537人评价),作者:李娟
安娜·卡列尼娜,9.2,(2593人评价),作者:[俄]列夫·托尔斯泰
羊道·前山夏牧场,9.1,(1513人评价),作者:李娟
英语魔法师之语法俱乐部,9.5,(1968人评价),作者:旋元佑
编码的奥秘,9.3,(1245人评价),作者:CharlesPetzold
天人五衰,9.0,(1528人评价),作者:(日)三岛由纪夫
霸王别姬,9.2,(1865人评价),作者:李碧华
给青年诗人的信,9.1,(1223人评价),作者:[奥]莱内·马利亚·里尔克
JavaScript语言精粹,9.1,(1571人评价),作者:DouglasCrockford
芥川龙之介全集,9.3,(1248人评价),作者:[日]芥川龙之介
集体智慧编程,9.0,(1295人评价),作者:TOBYSEGARAN
棋王.樹王.孩子王,9.1,(3306人评价),作者:阿城
电影是什么？,9.0,(1365人评价),作者:（法）安德烈·巴赞
正红旗下,9.2,(1578人评价),作者:老舍
我想去看海,9.1,(1394人评价),作者:(法)克利斯提昂.约里波瓦/文/(法)克利斯提昂.艾利施/图
香初上舞·终上,9.0,(4164人评价),作者:藤萍
香初上舞·再上,9.0,(3825人评价),作者:藤萍
美语音标,9.6,(1780人评价),作者:赖世雄
人生的枷锁,9.0,(2485人评价),作者:[英]毛姆
金庸全集,9.6,(2329人评价),作者:金庸
毛泽东选集第一卷,9.2,(2768人评价),作者:毛泽东
庄子今注今译（全三册）,9.3,(1459人评价),作者:陈鼓应注译
庄子諵譁（下）,9.1,(1081人评价),作者:南怀瑾
故事新编,9.2,(3272人评价),作者:鲁迅
汪曾祺小说经典,9.3,(1617人评价),作者:汪曾祺
鸟哥的Linux私房菜,9.1,(2343人评价),作者:鸟哥
亲爱的提奥,9.1,(1666人评价),作者:[荷]文森特·凡高
夏宇詩集／腹語術,9.1,(1439人评价),作者:夏宇
海子诗全集,9.2,(6762人评价),作者:海子著/西川编
约翰·克利斯朵夫（共四册）,9.1,(2366人评价),作者:罗曼·罗兰
牡丹亭,9.1,(1659人评价),作者:（明）汤显祖著；徐朔方，杨笑杨校注
历史研究,9.1,(1380人评价),作者:（英）阿诺德・汤因比
德米安,9.0,(6815人评价),作者:[德]赫尔曼·黑塞
雕刻时光,9.0,(3962人评价),作者:[苏]安德烈·塔可夫斯基
改变心理学的40项研究,9.3,(1517人评价),作者:罗杰•霍克(RogerR.Hock)
死屋手记,9.1,(1297人评价),作者:[俄]陀思妥耶夫斯基
纪伯伦诗集,9.1,(1625人评价),"作者:（黎巴嫩）纪·哈·纪伯伦（Gibran,K.）"
沙与沫,9.1,(1200人评价),作者:卡里・纪伯伦/廖欣
被淹没和被拯救的,9.2,(1634人评价),作者:[意]普里莫·莱维
海风中失落的血色馈赠,9.1,(2448人评价),作者:[加拿大]阿利斯泰尔·麦克劳德
切尔诺贝利的悲鸣,9.1,(3123人评价),作者:S.A.阿列克谢耶维奇
极简宇宙史,9.1,(3408人评价),作者:[法]克里斯托弗·加尔法德
追忆似水年华,9.1,(1510人评价),作者:[法]马塞尔·普鲁斯特
我们时代的神经症人格,9.0,(1655人评价),作者:卡伦·霍尼
活着为了讲述,9.0,(3066人评价),作者:[哥伦比亚]加西亚·马尔克斯
二手时间,8.8,(6182人评价),作者:[白俄]S.A.阿列克谢耶维奇
心经,9.6,(1255人评价),作者:本书编委会
毛毛,9.1,(1191人评价),作者:米切尔·恩德
银河英雄传说,9.4,(1301人评价),作者:田中芳树
受戒,9.1,(2039人评价),作者:汪曾祺
局外人,9.0,(2832人评价),作者:(法)阿尔贝·加缪
霸王别姬,9.1,(3140人评价),作者:李碧华
一个叫欧维的男人决定去死,9.1,(9077人评价),作者:[瑞典]弗雷德里克·巴克曼
记忆与印象,9.1,(1145人评价),作者:史铁生
新月集·飞鸟集,9.1,(1090人评价),作者:(印度)泰戈尔
乱世佳人(上、下),9.4,(5549人评价),作者:（美）玛格丽特・米切尔
温柔的夜,9.1,(6396人评价),作者:三毛
EffectiveC++中文版,9.2,(1304人评价),作者:[美]ScottMeyers
阿拉伯的劳伦斯,9.1,(1649人评价),作者:[美]斯科特·安德森
重构,9.1,(1296人评价),作者:MartinFowler
中国哲学简史,9.0,(1012人评价),作者:冯友兰
傅山的世界,9.0,(1108人评价),作者:白谦慎
C和指针,9.0,(1160人评价),作者:KennethA.Reek
備忘錄,9.1,(1065人评价),作者:夏宇
论自由,9.4,(1362人评价),作者:[英]约翰·穆勒
人性的枷锁,9.0,(1509人评价),作者:威廉·萨默赛特·毛姆/(W.S.Maugham)
有匪1,9.0,(4209人评价),作者:priest
大明王朝1566,9.1,(1974人评价),作者:刘和平
黄金时代,9.0,(1218人评价),作者:王小波
给心理治疗师的礼物,9.0,(1118人评价),作者:[美]雅罗姆（IrvinD.Yalom）
麒麟之生死與共,9.5,(2039人评价),作者:桔子樹
沈从文的后半生,9.0,(1256人评价),作者:张新颖
公司理财,8.8,(1285人评价),作者:斯蒂芬A.罗斯
世界的凛冬,9.0,(9707人评价),作者:[英]肯·福莱特
人鼠之间,9.1,(1653人评价),作者:[美]约翰·斯坦贝克（JohnSteinbeck）
面纱,9.0,(3079人评价),作者:[英]毛姆
欲望号街车,9.0,(1219人评价),作者:[美]田纳西·威廉斯
南怀瑾选集（第一卷）,9.2,(1392人评价),作者:南怀瑾述
哲学研究,9.0,(1175人评价),作者:[英]路德维希·维特根斯坦
海伯利安的陨落,9.0,(1250人评价),作者:(美)丹·西蒙斯
海伯利安,9.2,(2450人评价),作者:(美)丹·西蒙斯
唐宋词十七讲,9.1,(1951人评价),作者:叶嘉莹
经济解释卷一：科学说需求（神州增订版）,9.0,(1083人评价),作者:张五常
管锥编（全五册）,9.3,(1066人评价),作者:钱钟书
罗生门,9.1,(1847人评价),作者:芥川龙之介
我与地坛,9.0,(17609人评价),作者:史铁生
這些人，那些事,9.0,(4098人评价),作者:吳念真
叔本华思想随笔,9.1,(1960人评价),作者:(德)亚瑟·叔本华
斯·茨威格中短篇小说选,9.1,(2274人评价),作者:斯·茨威格
毛姆短篇小说精选集,9.1,(5090人评价),作者:(英)威廉·萨默塞特·毛姆
阿勒泰的角落,9.1,(6530人评价),作者:李娟
四世同堂,9.3,(5312人评价),作者:老舍
基督山伯爵（上下册）,9.2,(8966人评价),作者:大仲马
卡尔维诺文集（第五卷）,9.0,(2947人评价),作者:[意大利]卡尔维诺
黄金时代白银时代,9.1,(2481人评价),作者:王小波
艺术的故事,9.6,(6811人评价),作者:[英]贡布里希(SirE.H.Gombrich)
项塔兰,9.0,(3834人评价),作者:[澳]格里高利·大卫·罗伯兹
李光耀观天下,9.1,(1222人评价),作者:李光耀
台北人,9.1,(2032人评价),作者:白先勇
